r_grid,posterior_pdf
0.0,5.010510750626263e-36
0.0011505752876438218,7.204042051425854e-36
0.0023011505752876435,1.0349684326020737e-35
0.003451725862931465,1.485711864734757e-35
0.004602301150575287,2.1310748465567883e-35
0.005752876438219109,3.054354475490358e-35
0.00690345172586293,4.374181470300337e-35
0.008054027013506753,6.259372226104974e-35
0.009204602301150574,8.949965969985826e-35
0.010355177588794395,1.2786998465088931e-34
0.011505752876438218,1.8254606076913e-34
0.01265632816408204,2.603951803548441e-34
0.01380690345172586,3.7115049251033175e-34
0.014957478739369683,5.285958683740614e-34
0.016108054027013506,7.522359949705358e-34
0.017258629314657326,1.0696484863796897e-33
0.01840920460230115,1.5197938213065124e-33
0.01955977988994497,2.157669346461771e-33
0.02071035517758879,3.060847781599654e-33
0.021860930465232613,4.338655790049282e-33
0.023011505752876436,6.145048064430185e-33
0.024162081040520256,8.696650064731436e-33
0.02531265632816408,1.2298023823027535e-32
0.0264632316158079,1.737701948921588e-32
0.02761380690345172,2.453419822856291e-32
0.028764382191095544,3.4611870898749374e-32
0.029914957478739367,4.879045901002069e-32
0.03106553276638319,6.872288075266923e-32
0.03221610805402701,9.672181374445929e-32
0.03336668334167083,1.360204261569336e-31
0.03451725862931465,1.9113510257814366e-31
0.03566783391695848,2.6836965029505924e-31
0.0368184092046023,3.7651559587726415e-31
0.037968984492246116,5.278240362597111e-31
0.03911955977988994,7.39353239770789e-31
0.04027013506753376,1.0348357426720239e-30
0.04142071035517758,1.4472630838903217e-30
0.04257128564282141,2.022461075313675e-30
0.04372186093046523,2.824031149481821e-30
0.044872436218109046,3.940174147323062e-30
0.04602301150575287,5.493105941992374e-30
0.04717358679339669,7.652038677003503e-30
0.04832416208104051,1.0651063194474731e-29
0.04947473736868434,1.4813762919327764e-29
0.05062531265632816,2.058706529027154e-29
0.05177588794397198,2.8587759333857706e-29
0.0529264632316158,3.966636614130131e-29
0.05407703851925962,5.499476351155477e-29
0.05522761380690344,7.618630041215622e-29
0.05637818909454727,1.054603126178468e-28
0.05752876438219109,1.458672674804168e-28
0.058679339669834914,2.0159662816913228e-28
0.05982991495747873,2.7839748272274694e-28
0.06098049024512255,3.8415276871350434e-28
0.06213106553276638,5.296625349663816e-28
0.0632816408204102,7.297114574936982e-28
0.06443221610805402,1.004522570854999e-27
0.06558279139569784,1.381735313312422e-27
0.06673336668334166,1.8990947721119302e-27
0.06788394197098549,2.6081048268819853e-27
0.0690345172586293,3.5789865893381866e-27
0.07018509254627313,4.907402985121605e-27
0.07133566783391695,6.723571040573422e-27
0.07248624312156077,9.204599498527831e-27
0.0736368184092046,1.2591179604276423e-26
0.07478739369684842,1.7210146395913194e-26
0.07593796898449223,2.3504950117563776e-26
0.07708854427213606,3.2076777126834255e-26
0.07823911955977988,4.3739996393648206e-26
0.0793896948474237,5.959686057051971e-26
0.08054027013506752,8.113806493365928e-26
0.08169084542271135,1.1037800310326396e-25
0.08284142071035516,1.5003654096894292e-25
0.08399199599799899,2.0378310581684369e-25
0.08514257128564282,2.7656418240275907e-25
0.08629314657328663,3.7504235334878497e-25
0.08744372186093045,5.081843887411538e-25
0.08859429714857428,6.880483336955259e-25
0.08974487243621809,9.308360591156333e-25
0.09089544772386192,1.2582996440048287e-24
0.09204602301150575,1.6996189794430712e-24
0.09319659829914956,2.293906405373317e-24
0.09434717358679338,3.0935450122303712e-24
0.09549774887443721,4.16863440444054e-24
0.09664832416208102,5.612906412130856e-24
0.09779889944972485,7.551590248384028e-24
0.09894947473736868,1.0151860853712213e-23
0.10010005002501249,1.3636707320209528e-23
0.10125062531265631,1.8303325622067643e-23
0.10240120060030014,2.4547491372362593e-23
0.10355177588794395,3.2895830074704696e-23
0.10470235117558778,4.404850840504184e-23
0.1058529264632316,5.893566486460305e-23
0.10700350175087542,7.879193956809257e-23
0.10815407703851924,1.0525482631732879e-22
0.10930465232616307,1.4049435345695463e-22
0.11045522761380688,1.8738393066158345e-22
0.11160580290145071,2.497252421001809e-22
0.11275637818909454,3.3254403683392185e-22
0.11390695347673836,4.424788427888699e-22
0.11505752876438217,5.882913711220558e-22
0.116208104052026,7.815361489049215e-22
0.11735867933966983,1.0374383216355682e-21
0.11850925462731364,1.3760433804062065e-21
0.11965982991495747,1.82372179442721e-21
0.12081040520260129,2.4151364607983385e-21
0.1219609804902451,3.195813184911834e-21
0.12311155577788893,4.225496219155703e-21
0.12426213106553276,5.5825249691237195e-21
0.12541270635317658,7.369537863364973e-21
0.1265632816408204,9.720899615308592e-21
0.1277138569284642,1.2812364505985676e-20
0.12886443221610805,1.6873638341257898e-20
0.13001500750375186,2.220469493212878e-20
0.13116558279139567,2.91969515163888e-20
0.13231615807903951,3.836072707683896e-20
0.13346673336668333,5.0360817917836365e-20
0.13461730865432714,6.606255151833616e-20
0.13576788394197098,8.659135492257997e-20
0.1369184592296148,1.1340973892164725e-19
0.1380690345172586,1.4841670637031216e-19
0.13921960980490244,1.9407600869010306e-19
0.14037018509254626,2.5358148337324724e-19
0.14152076038019007,3.310700142198424e-19
0.1426713356678339,4.3189560082229568e-19
0.14382191095547772,5.629817762653263e-19
0.14497248624312153,7.332743894456822e-19
0.14612306153076537,9.54322845448812e-19
0.1472736368184092,1.2410256207528047e-18
0.148424212106053,1.6125856769944837e-18
0.14957478739369684,2.0937338387468144e-18
0.15072536268134065,2.7162939711260043e-18
0.15187593796898446,3.521183764919228e-18
0.1530265132566283,4.5609702072460425e-18
0.15417708854427212,5.903130761856804e-18
0.15532766383191593,7.634211632730177e-18
0.15647823911955977,9.86512540297204e-18
0.15762881440720358,1.2737894539274438e-17
0.1587793896948474,1.6434228121850722e-17
0.15992996498249124,2.1186420939472765e-17
0.16108054027013505,2.729119207129275e-17
0.16223111555777886,3.5127240863678644e-17
0.1633816908454227,4.517750002920265e-17
0.1645322661330665,5.80573186912186e-17
0.16568284142071033,7.455012531542987e-17
0.16683341670835417,9.565251744789542e-17
0.16798399199599798,1.2263122168302718e-16
0.1691345672836418,1.570949877094805e-16
0.17028514257128563,2.0108525485891074e-16
0.17143571785892944,2.571903957436848e-16
0.17258629314657326,3.2868954561557657e-16
0.1737368684342171,4.197335252277849e-16
0.1748874437218609,5.355722298800037e-16
0.17603801900950472,6.828401751065871e-16
0.17718859429714856,8.699147675073062e-16
0.17833916958479237,1.1073654397071193e-15
0.17948974487243619,1.4085162139557887e-15
0.18064032016008003,1.790149739215353e-15
0.18179089544772384,2.273387626982629e-15
0.18294147073536765,2.884790292327736e-15
0.1840920460230115,3.657729857208075e-15
0.1852426213106553,4.634102444135283e-15
0.18639319659829912,5.866461931330982e-15
0.18754377188594296,7.420676629534952e-15
0.18869434717358677,9.379234198109526e-15
0.18984492246123058,1.1845349446958783e-14
0.19099549774887442,1.494806569271776e-14
0.19214607303651823,1.8848584539410613e-14
0.19329664832416205,2.3748113142905373e-14
0.19444722361180589,2.9897584390336943e-14
0.1955977988994497,3.7609686644226284e-14
0.1967483741870935,4.7273738995385175e-14
0.19789894947473735,5.937406924942859e-14
0.19904952476238116,7.45126998700036e-14
0.20020010005002498,9.34373275354346e-14
0.20135067533766882,1.1707580173886342e-13
0.20250125062531263,1.4657857530256292e-13
0.20365182591295644,1.8337092482059297e-13
0.20480240120060028,2.292171339704307e-13
0.2059529764882441,2.8629931187254484e-13
0.2071035517758879,3.5731409968096255e-13
0.20825412706353175,4.45591222306643e-13
0.20940470235117556,5.552386937264568e-13
0.21055527763881937,6.913205137977777e-13
0.2117058529264632,8.600739378816558e-13
0.21285642821410702,1.0691749009054572e-12
0.21400700350175084,1.3280619861526476e-12
0.21515757878939468,1.6483315073496988e-12
0.2163081540770385,2.0442188935690695e-12
0.2174587293646823,2.5331847170438653e-12
0.21860930465232614,3.1366274875991368e-12
0.21975987993996995,3.880749876898128e-12
0.22091045522761377,4.797610476876207e-12
0.2220610305152576,5.926399712418929e-12
0.22321160580290142,7.314986323239747e-12
0.22436218109054526,9.021790146168113e-12
0.22551275637818907,1.1118048052851411e-11
0.22666333166583288,1.3690553167055066e-11
0.22781390695347672,1.6844963298695842e-11
0.22896448224112054,2.070979335784638e-11
0.23011505752876435,2.5441228903460588e-11
0.2312656328164082,3.12289245877508e-11
0.232416208104052,3.830298284035811e-11
0.23356678339169581,4.694234559085054e-11
0.23471735867933965,5.7484876201499764e-11
0.23586793396698347,7.033946130087678e-11
0.23701850925462728,8.600052430642861e-11
0.23816908454227112,1.0506541577484759e-10
0.23931965982991493,1.2825523227630706e-10
0.24047023511755874,1.564397175279455e-10
0.24162081040520259,1.9066701969260039e-10
0.2427713856928464,2.3219922013074885e-10
0.2439219609804902,2.8255471506275807e-10
0.24507253626813405,3.4355872670522607e-10
0.24622311155577786,4.1740344929520194e-10
0.24737368684342168,5.067196035742053e-10
0.24852426213106552,6.146614872020017e-10
0.24967483741870933,7.450079756330614e-10
0.25082541270635317,9.022823567847901e-10
0.25197598799399695,1.091894383218932e-09
0.2531265632816408,1.3203085089033088e-09
0.25427713856928463,1.5952429569619924e-09
0.2554277138569284,1.925905055140082e-09
0.25657828914457226,2.3232691941700924e-09
0.2577288644322161,2.800404830490973e-09
0.2588794397198599,3.3728631913293452e-09
0.2600300150075037,4.05913277267846e-09
0.26118059029514756,4.881175378518328e-09
0.26233116558279135,5.8650563660887445e-09
0.2634817408704352,7.041684975146686e-09
0.26463231615807903,8.447683172104755e-09
0.2657828914457228,1.0126404381743964e-08
0.26693346673336665,1.2129126865410523e-08
0.2680840420210105,1.4516450398121903e-08
0.2692346173086543,1.7359929368929328e-08
0.2703851925962981,2.0743980559541062e-08
0.27153576788394196,2.476810973607121e-08
0.27268634317158574,2.9549507919870318e-08
0.2738369184592296,3.522607590028587e-08
0.2749874937468734,4.195994434362677e-08
0.2761380690345172,4.994156688296549e-08
0.27728864432216105,5.939447500418982e-08
0.2784392196098049,7.058079655576921e-08
0.2795897948974487,8.380765450467034e-08
0.2807403701850925,9.943457936361138e-08
0.28189094547273635,1.1788208777589827e-07
0.28304152076038014,1.396416013412866e-07
0.284192096048024,1.652869042088747e-07
0.2853426713356678,1.9548736559244423e-07
0.2864932466233116,2.3102318455862527e-07
0.28764382191095544,2.7280294961644375e-07
0.2887943971985993,3.2188384525833085e-07
0.28994497248624307,3.794948821752574e-07
0.2910955477738869,4.4706357794810975e-07
0.29224612306153075,5.26246571215117e-07
0.29339669834917453,6.189647152995581e-07
0.2945472736368184,7.274432677822888e-07
0.2956978489244622,8.54257871318699e-07
0.296848424212106,1.002387108993261e-06
0.29799899949974984,1.1752725156222822e-06
0.2991495747873937,1.3768870356724937e-06
0.30030015007503746,1.6118130399693247e-06
0.3014507253626813,1.8853311483104027e-06
0.30260130065032514,2.2035212547615927e-06
0.30375187593796893,2.5733773181755835e-06
0.30490245122561277,3.0029376638041087e-06
0.3060530265132566,3.501432744364053e-06
0.3072036018009004,4.079452532235097e-06
0.30835417708854423,4.749135960408101e-06
0.3095047523761881,5.5243851002540275e-06
0.31065532766383186,6.421107061153356e-06
0.3118059029514757,7.457486922611197e-06
0.31295647823911954,8.6542953658982e-06
0.3141070535267633,1.0035235061813013e-05
0.31525762881440716,1.1627330296250104e-05
0.316408204102051,1.3461364778377723e-05
0.3175587793896948,1.5572373079952273e-05
0.31870935467733863,1.800019170123317e-05
0.31985992996498247,2.0790076351833112e-05
0.32101050525262625,2.39933926763187e-05
0.3221610805402701,2.7668388347260325e-05
0.32331165582791394,3.188105519536811e-05
0.3244622311155577,3.670609085013388e-05
0.32561280640320156,4.222797022754163e-05
0.3267633816908454,4.8542138126554306e-05
0.3279139569784892,5.575633518550741e-05
0.329064532266133,6.399207050558616e-05
0.33021510755377687,7.338625537300464e-05
0.33136568284142065,8.409301370634335e-05
0.3325162581290645,9.628568612166831e-05
0.33366683341670833,0.00011015904584697731
0.3348174087043521,0.0001259317461292081
0.33596798399199596,0.0001438490202618247
0.3371185592796398,0.00016418565691780782
0.3382691345672836,0.00018724927510061688
0.3394197098549274,0.00021338392472188756
0.34057028514257126,0.00024297404057636225
0.34172086043021505,0.0002764487793075172
0.3428714357178589,0.00031428677083663914
0.3440220110055027,0.0003570213176567746
0.3451725862931465,0.00040524607736402025
0.34632316158079035,0.0004596212658022264
0.3474737368684342,0.0005208804202229307
0.348624312156078,0.0005898377638982308
0.3497748874437218,0.000667396215655215
0.35092546273136566,0.0007545560898120631
0.35207603801900944,0.0008524245339683502
0.3532266133066533,0.0009622257540174113
0.3543771885942971,0.001085312077581857
0.3555277638819409,0.0012231759088040198
0.35667833916958475,0.001377462629020371
0.3578289144572286,0.0015499844992865935
0.35897948974487237,0.0017427356219663942
0.3601300650325162,0.001957908019615127
0.36128064032016005,0.00219790889014903
0.36243121560780384,0.0024653790977458307
0.3635817908954477,0.0027632129590397063
0.3647323661830915,0.003094579383901733
0.3658829414707353,0.003462944429398568
0.36703351675837914,0.0038720953243450967
0.368184092046023,0.0043261660201613155
0.36933466733366677,0.004829664321466545
0.3704852426213106,0.0053875006469309115
0.37163581790895445,0.006005018467316922
0.37278639319659823,0.006688026463318526
0.37393696848424207,0.007442832440690835
0.3750875437718859,0.008276279034215897
0.3762381190595297,0.009195781225197049
0.37738869434717354,0.010209365689394845
0.3785392696348174,0.011325711983531186
0.37968984492246116,0.012554195568676098
0.380840420210105,0.013904932657939002
0.38199099549774884,0.015388826863866691
0.3831415707853926,0.017017617607801096
0.38429214607303647,0.018803930239105676
0.3854427213606803,0.020761327796642644
0.3865932966483241,0.02290436432815055
0.38774387193596793,0.025248639665210813
0.38889444722361177,0.027810855532358562
0.39004502251125556,0.030608872848543276
0.3911955977988994,0.033661770057657976
0.39234617308654324,0.036989902302256135
0.393496748374187,0.04061496123088387
0.39464732366183086,0.04456003520482783
0.3957978989494747,0.04884966964448875
0.3969484742371185,0.05350992722923637
0.3980990495247623,0.05856844763755621
0.39924962481240617,0.06405450648664897
0.40040020010004995,0.06999907310268703
0.4015507753876938,0.07643486672464421
0.40270135067533763,0.0833964107163551
0.4038519259629814,0.09092008433335355
0.40500250125062526,0.09904417156325239
0.4061530765382691,0.10780890653139427
0.4073036518259129,0.11725651493721184
0.4084542271135567,0.12743125096178334
0.40960480240120056,0.1383794290633472
0.41075537768884435,0.1501494500558087
0.4119059529764882,0.1627918208454575
0.41305652826413203,0.17635916718372016
0.4142071035517758,0.19090623877926208
0.41535767883941965,0.20648990610104417
0.4165082541270635,0.223169148195969
0.4176588294147073,0.24100503084030522
0.4188094047023511,0.26006067434394026
0.41995997998999496,0.2804012103306354
0.42111055527763874,0.3020937268265746
0.4222611305652826,0.32520720100356637
0.4234117058529264,0.3498124189427829
0.4245622811405702,0.3759818818102169
0.42571285642821405,0.4037896978660596
0.4268634317158579,0.4333114597676772
0.4280140070035017,0.4646241066694753
0.4291645822911455,0.497805770673165
0.43031515757878935,0.5329356072388878
0.43146573286643314,0.5700936092310479
0.432616308154077,0.6093604043431566
0.4337668834417208,0.6508170357228711
0.4349174587293646,0.6945447257019661
0.43606803401700844,0.7406246226261393
0.4372186093046523,0.7891375308755508
0.43836918459229607,0.8401636242694404
0.4395197598799399,0.8937821431558415
0.44067033516758375,0.9500710756003488
0.44182091045522753,1.0091068232058058
0.4429714857428714,1.0709638522162312
0.4441220610305152,1.1357143306839848
0.44527263631815905,1.2034277526071167
0.44642321160580284,1.274170550074044
0.4475737868934467,1.348005694584312
0.4487243621810905,1.424992288845605
0.4498749374687343,1.5051851504786684
0.45102551275637814,1.5886343891911705
0.452176088044022,1.6753849791083866
0.45332666333166577,1.7654763280720587
0.4544772386193096,1.8589418458366704
0.45562781390695345,1.9558085132052192
0.45677838919459723,2.056096454251371
0.4579289644822411,2.1598185138726955
0.4590795397698849,2.26697984300581
0.4602301150575287,2.3775774939129914
0.46138069034517254,2.491600028013929
0.4625312656328164,2.6090271387892563
0.46368184092046016,2.72982929232213
0.464832416208104,2.853967388066685
0.46598299149574784,2.9813924424426954
0.46713356678339163,3.1120452978463296
0.46828414207103547,3.2458563596434553
0.4694347173586793,3.382745363667821
0.4705852926463231,3.522621176686731
0.47173586793396693,3.6653816322173203
0.4728864432216108,3.8109134039776196
0.47403701850925456,3.959091919140911
0.4751875937968984,4.109781313424499
0.47633816908454224,4.262834429890533
0.477488744372186,4.41809286316403
0.47863931965982986,4.575387050581755
0.4797898949474737,4.73453641157997
0.4809404702351175,4.895349536403673
0.48209104552276133,5.057624424982737
0.48324162081040517,5.221148776567651
0.48439219609804895,5.385700330451638
0.4855427713856928,5.551047257831255
0.48669334667333664,5.716948604570065
0.4878439219609804,5.883154784337882
0.48899449724862426,6.049408121298778
0.4901450725362681,6.215443441216853
0.4912956478239119,6.380988709545581
0.4924462231115557,6.5457657147599555
0.49359679839919957,6.70949079488988
0.49474737368684335,6.871875604916164
0.4958979489744872,7.0326279223989285
0.49704852426213103,7.191452488429311
0.4981990995497748,7.348051880723774
0.49934967483741866,7.502127415427225
0.5005002501250625,7.653380073949601
0.5016508254127063,7.801511450940654
0.5028014007003501,7.946224719306073
0.5039519759879939,8.087225607987643
0.5051025512756377,8.224223388075373
0.5062531265632816,8.356931862689475
0.5074037018509254,8.485070355964709
0.5085542771385693,8.608364696395702
0.509704852426213,8.726548189752807
0.5108554277138568,8.839362576762879
0.5120060030015007,8.946558970760664
0.5131565782891445,9.04789877056174
0.5143071535767884,9.143154543882178
0.5154577288644322,9.232110876734428
0.5166083041520759,9.314565184366218
0.5177588794397198,9.390328479473725
0.5189094547273636,9.45922609361372
0.5200600300150074,9.521098347963838
0.5212106053026513,9.57580116982526
0.5223611805902951,9.623206651538542
0.5235117558779389,9.663203548776147
0.5246623311655827,9.695697715497934
0.5258129064532265,9.72061247318642
0.5269634817408704,9.737888912336894
0.5281140570285142,9.747486124542524
0.5292646323161581,9.749381363895283
0.5304152076038018,9.743570136809836
0.5315657828914456,9.730066219776786
0.5327163581790895,9.708901604943946
0.5338669334667333,9.680126373829205
0.5350175087543771,9.643808499859732
0.536168084042021,9.600033580831456
0.5373186593296647,9.5489045027574
0.5384692346173086,9.490541036957575
0.5396198099049524,9.425079372595036
0.5407703851925962,9.352671587213795
0.5419209604802401,9.273485058157169
0.5430715357678839,9.187701818057946
0.5442221110555276,9.095517857867758
0.5453726863431715,8.997142381165405
0.5465232616308153,8.892797013706035
0.5476738369184592,8.782714972394812
0.548824412206103,8.66714019803467
0.5499749874937468,8.546326456361097
0.5511255627813906,8.420536411985728
0.5522761380690344,8.290040679968971
0.5534267133566783,8.155116859795527
0.5545772886443221,8.016048556558824
0.5557278639319659,7.8731243941521925
0.5568784392196098,7.726637025241337
0.5580290145072535,7.576882142719722
0.5591795897948973,7.424157497268872
0.5603301650825412,7.268761925519982
0.561480740370185,7.110994393175755
0.5626313156578289,6.951153057277745
0.5637818909454727,6.789534351619009
0.5649324662331164,6.626432099086868
0.5660830415207603,6.462136654490546
0.5672336168084041,6.296934081180268
0.568384192096048,6.131105364503936
0.5695347673836918,5.964925664866621
0.5706853426713356,5.798663612879472
0.5718359179589794,5.632580648784593
0.5729864932466232,5.466930408045
0.574137068534267,5.301958154685809
0.5752876438219109,5.13790026366531
0.5764382191095547,4.974983753253049
0.5775887943971986,4.813425868088836
0.5787393696848423,4.653433713300266
0.5798899449724861,4.495203939767744
0.58104052026013,4.338922480343425
0.5821910955477738,4.184764336560903
0.5833416708354177,4.032893415113158
0.5844922461230615,3.883462413130291
0.5856428214107052,3.736612751058576
0.5867933966983491,3.5924745517258985
0.5879439719859929,3.4511666639802803
0.5890945472736367,3.312796729107102
0.5902451225612806,3.1774612880661937
0.5913956978489244,3.045245927446199
0.5925462731365683,2.9162254619062344
0.593696848424212,2.790464150767942
0.5948474237118558,2.6680159463325746
0.5959979989994997,2.5489247714271723
0.5971485742871435,2.433224823633403
0.5982991495747874,2.320940903618127
0.5994497248624312,2.2120887649691334
0.6006003001500749,2.1066754829401626
0.6017508754377188,2.0046998395254128
0.6029014507253626,1.9061527223163612
0.6040520260130064,1.8110175346389255
0.6052026013006503,1.7192706145286532
0.6063531765882941,1.630881660173095
0.6075037518759379,1.5458141595325876
0.6086543271635817,1.4640258219439144
0.6098049024512255,1.3854690096119318
0.6109554777388694,1.310091167003687
0.6121060530265132,1.237835246275087
0.6132566283141571,1.1686401269807953
0.6144072036018008,1.1024410284438018
0.6155577788894446,1.0391699132889498
0.6167083541770885,0.978755880775494
0.6178589294647323,0.9211255486953348
0.6190095047523761,0.8662034227350123
0.62016008004002,0.8139122523308967
0.6213106553276637,0.7641733721758902
0.6224612306153076,0.7169070286627107
0.6236118059029514,0.6720326906730698
0.6247623811905952,0.6294693442408562
0.6259129564782391,0.5891357707337666
0.6270635317658829,0.550950808307624
0.6282141070535266,0.5148335964927546
0.6293646823411705,0.480703803871213
0.6305152576288143,0.4484818388964816
0.6316658329164582,0.4180890439941963
0.632816408204102,0.38944787316268414
0.6339669834917459,0.3624820533655287
0.6351175587793896,0.3371167300755087
0.6362681340670334,0.3132785973891364
0.6374187093546773,0.2908960131846543
0.6385692846423211,0.2698990998432066
0.6397198599299649,0.25021983109325924
0.6408704352176088,0.23179210557267216
0.6420210105052525,0.21455180773077503
0.6431715857928963,0.19843685671518826
0.6443221610805402,0.18338724390486758
0.645472736368184,0.16934505976226805
0.6466233116558279,0.1562545106842018
0.6477738869434717,0.1440619265327453
0.6489244622311154,0.1327157595252799
0.6500750375187593,0.12216657515642027
0.6512256128064031,0.11236703581464426
0.652376188094047,0.10327187774336691
0.6535267633816908,0.09483788198005554
0.6546773386693346,0.08702383988840982
0.6558279139569784,0.07979051387776401
0.6569784892446222,0.07310059388106571
0.658129064532266,0.06691865013846714
0.6592796398199099,0.061211082807831815
0.6604302151075537,0.05594606889678961
0.6615807903951976,0.051093506983517153
0.6627313656828413,0.04662496016543856
0.6638819409704851,0.04251359764685002
0.665032516258129,0.038734135348143836
0.6661830915457728,0.035262775891187814
0.6673336668334167,0.0320771482875815
0.6684842421210605,0.029156247629154544
0.6696348174087042,0.02648037505337439
0.6707853926963481,0.024031078230330384
0.6719359679839919,0.02179109259286384
0.6730865432716358,0.019744283507246215
0.6742371185592796,0.017875589558661344
0.6753876938469234,0.016170967103717657
0.6765382691345672,0.014617336221293091
0.677688844422211,0.013202528173277892
0.6788394197098548,0.01191523446826059
0.6799899949974987,0.010744957603837414
0.6811405702851425,0.0096819635471338
0.6822911455727864,0.008717235998186443
0.6834417208604301,0.007842432467102319
0.6845922961480739,0.007049842183346588
0.6857428714357178,0.006332345844061906
0.6868934467233616,0.005683377197986028
0.6880440220110055,0.0050968864522503675
0.6891945972986493,0.004567305481069312
0.690345172586293,0.0040895148080329095
0.6914957478739369,0.0036588123273249805
0.6926463231615807,0.0032708837236727654
0.6937968984492245,0.002921774546128437
0.6949474737368684,0.0026078638868363858
0.6960980490245122,0.0023258396127057344
0.697248624312156,0.0020726750953214495
0.6983991995997998,0.0018456073824481768
0.6995497748874436,0.0016421167530509702
0.7007003501750875,0.0014599075968274502
0.7018509254627313,0.0012968905587723014
0.7030015007503752,0.001151165889224599
0.7041520760380189,0.0010210079401438382
0.7053026513256627,0.0009048507489747902
0.7064532266133066,0.0008012746523565862
0.7076038019009504,0.0007089938730711094
0.7087543771885942,0.0006268450249720886
0.7099049524762381,0.0005537764821596948
0.7110555277638818,0.0004888385603337929
0.7122061030515257,0.0004311744600445815
0.7133566783391695,0.00038001192343801267
0.7145072536268133,0.0003346555580396247
0.7156578289144572,0.0002944797831154437
0.716808404202101,0.00025892235617199427
0.7179589794897447,0.00022747843919270974
0.7191095547773886,0.00019969516624059982
0.7202601300650324,0.0001751666760727711
0.7214107053526763,0.00015352957540077142
0.7225612806403201,0.00013445880038130218
0.7237118559279639,0.00011766384582623359
0.7248624312156077,0.00010288533347236616
0.7260130065032515,8.989189244367409e-05
0.7271635817908954,7.847732676771694e-05
0.7283141570785392,6.845804646963772e-05
0.729464732366183,5.9670740359039615e-05
0.7306153076538269,5.19702701454418e-05
0.7317658829414706,4.522776696563765e-05
0.7329164582291144,3.9328912780949126e-05
0.7340670335167583,3.417239040431162e-05
0.7352176088044021,2.9668487146771884e-05
0.736368184092046,2.5737838231969415e-05
0.7375187593796898,2.2310297216551092e-05
0.7386693346673335,1.932392167639325e-05
0.7398199099549774,1.6724063375033128e-05
0.7409704852426212,1.4462553023958274e-05
0.742121060530265,1.249697057711364e-05
0.7432716358179089,1.0789992776520866e-05
0.7444222111055527,9.308810385034036e-06
0.7455727863931965,8.024608208675175e-06
0.7467233616808403,6.912101627435871e-06
0.7478739369684841,5.9491239226012304e-06
0.749024512256128,5.116259213316031e-06
0.7501750875437718,4.396516297853674e-06
0.7513256628314157,3.775039138547812e-06
0.7524762381190594,3.238850136045983e-06
0.7536268134067032,2.7766227109846676e-06
0.7547773886943471,2.3784800516342967e-06
0.7559279639819909,2.0358171968439626e-06
0.7570785392696348,1.7411439068476288e-06
0.7582291145572786,1.4879460322487027e-06
0.7593796898449223,1.2705633257076609e-06
0.7605302651325662,1.084081853380494e-06
0.76168084042021,9.242393556962222e-07
0.7628314157078538,7.87342081282592e-07
0.7639819909954977,6.701917752425547e-07
0.7651325662831415,5.700216450051061e-07
0.7662831415707853,4.844402549288633e-07
0.7674337168584291,4.1138241597683767e-07
0.7685842921460729,3.490662402431187e-07
0.7697348674337168,2.959556229621958e-07
0.7708854427213606,2.50727497847118e-07
0.7720360180090045,2.1224328608936415e-07
0.7731865932966482,1.795240259372485e-07
0.774337168584292,1.5172872921899425e-07
0.7754877438719359,1.2813556418410008e-07
0.7766383191595797,1.081255112451854e-07
0.7777888944472235,9.116818019203685e-08
0.7789394697348674,7.680951475299815e-08
0.7800900450225111,6.466114347763778e-08
0.781240620310155,5.439116524791897e-08
0.7823911955977988,4.571618368999588e-08
0.7835417708854426,3.83944277146976e-08
0.7846923461730865,3.221981568634302e-08
0.7858429214607303,2.701683860008577e-08
0.786993496748374,2.263615340058726e-08
0.7881440720360179,1.895079143710857e-08
0.7892946473236617,1.5852899234754977e-08
0.7904452226113056,1.3250939459228532e-08
0.7915957978989494,1.1067289334175808e-08
0.7927463731865932,9.236181988311816e-09
0.793896948474237,7.701943400398658e-09
0.7950475237618808,6.417483895155397e-09
0.7961980990495247,5.343008630269471e-09
0.7973486743371685,4.4449162999160545e-09
0.7984992496248123,3.694859448729589e-09
0.7996498249124562,3.068943417508825e-09
0.8008004002000999,2.5470440949231604e-09
0.8019509754877437,2.1122273871511987e-09
0.8031015507753876,1.7502556918939025e-09
0.8042521260630314,1.4491687205049422e-09
0.8054027013506753,1.1989277925449018e-09
0.8065532766383191,9.911142664819044e-10
0.8077038519259628,8.186740997655488e-10
0.8088544272136067,6.757016785150901e-10
0.8100050025012505,5.572570455865299e-10
0.8111555777888944,4.5921150682555607e-10
0.8123061530765382,3.7811732723102513e-10
0.813456728364182,3.1109785756236416e-10
0.8146073036518258,2.5575497159379473e-10
0.8157578789394696,2.1009115690280365e-10
0.8169084542271134,1.7244399835539838e-10
0.8180590295147573,1.4143113249951618e-10
0.8192096048024011,1.159040408671444e-10
0.820360180090045,9.490929762077849e-11
0.8215107553776887,7.765609803537607e-11
0.8226613306653325,6.348907414981465e-11
0.8238119059529764,5.186555701328267e-11
0.8249624812406202,4.233657513967725e-11
0.8261130565282641,3.45309893828423e-11
0.8272636318159079,2.8142258310153698e-11
0.8284142071035516,2.291740773432151e-11
0.8295647823911955,1.864784546942971e-11
0.8307153576788393,1.5161719413253185e-11
0.8318659329664831,1.2317565271608325e-11
0.833016508254127,9.99903095611729e-12
0.8341670835417708,8.110499036587357e-12
0.8353176588294146,6.573457580017964e-12
0.8364682341170584,5.323494084693879e-12
0.8376188094047022,4.3078077226486336e-12
0.8387693846923461,3.483152335041838e-12
0.8399199599799899,2.814137091220809e-12
0.8410705352676338,2.2718238553411017e-12
0.8422211105552775,1.8325704708045323e-12
0.8433716858429213,1.4770776830193045e-12
0.8445222611305652,1.1896045380047465e-12
0.845672836418209,9.573230404977958e-13
0.8468234117058528,7.697878183541043e-13
0.8479739869934967,6.18500678682418e-13
0.8491245622811404,4.965533889883557e-13
0.8502751375687843,3.9833488619000604e-13
0.8514257128564281,3.192915024072912e-13
0.8525762881440719,2.55730778516163e-13
0.8537268634317158,2.0466108141973793e-13
0.8548774387193596,1.6366060486928637e-13
0.8560280140070033,1.3077046342852452e-13
0.8571785892946472,1.0440752411827704e-13
0.858329164582291,8.32933932716881e-14
0.8594797398699349,6.63966146233424e-14
0.8606303151575787,5.288566155662933e-14
0.8617808904452225,4.2090740838193994e-14
0.8629314657328663,3.3472782978204624e-14
0.8640820410205101,2.659828880055596e-14
0.865232616308154,2.111894388281742e-14
0.8663831915957978,1.6755111360740008e-14
0.8675337668834416,1.3282476758407102e-14
0.8686843421710855,1.0521252276710796e-14
0.8698349174587292,8.327457543623903e-15
0.870985492746373,6.585883494737456e-15
0.8721360680340169,5.204419360173798e-15
0.8732866433216607,4.109482612977639e-15
0.8744372186093046,3.242340599165052e-15
0.8755877938969484,2.5561524099469928e-15
0.8767383691845921,2.013592009087298e-15
0.877888944472236,1.5849400386317506e-15
0.8790395197598798,1.246553199601371e-15
0.8801900950475237,9.796375475463305e-16
0.8813406703351675,7.692661995009537e-16
0.8824912456228113,6.03593427631482e-16
0.8836418209104551,4.732264137896146e-16
0.8847923961980989,3.707234653653482e-16
0.8859429714857427,2.9019357867726824e-16
0.8870935467733866,2.269771528238505e-16
0.8882441220610304,1.7739162544459157e-16
0.8893946973486743,1.3852900214843143e-16
0.8905452726363181,1.0809482983051143e-16
0.8916958479239618,8.428023966541014e-17
0.8928464232116057,6.566035480949571e-17
0.8939969984992495,5.111369909855428e-17
0.8951475737868934,3.975831976346688e-17
0.8962981490745372,3.09012007962155e-17
0.897448724362181,2.3998235642003104e-17
0.8985992996498248,1.8622581956710165e-17
0.8997498749374686,1.4439664364072402e-17
0.9009004502251124,1.1187445340548053e-17
0.9020510255127563,8.660867167407071e-18
0.9032016008004001,6.699593502733766e-18
0.904352176088044,5.178358948134678e-18
0.9055027513756877,3.9993781818320955e-18
0.9066533266633315,3.0863801592598916e-18
0.9078039019509754,2.379923445336091e-18
0.9089544772386192,1.8337206674194447e-18
0.9101050525262631,1.411757149534791e-18
0.9112556278139069,1.0860340338654713e-18
0.9124062031015506,8.348020334447576e-19
0.9135567783891945,6.411803212583308e-19
0.9147073536768383,4.92077485488861e-19
0.9158579289644821,3.7734919539966853e-19
0.917008504252126,2.891412041536008e-19
0.9181590795397698,2.213773405610101e-19
0.9193096548274136,1.6936082865983474e-19
0.9204602301150574,1.2946411221077932e-19
0.9216108054027012,9.888773933398392e-20
0.9227613806903451,7.54730886272437e-20
0.9239119559779889,5.75570360340362e-20
0.9250625312656328,4.385926434770401e-20
0.9262131065532765,3.339495696295078e-20
0.9273636818409203,2.540721465447407e-20
0.9285142571285642,1.9314783697654493e-20
0.929664832416208,1.4671660353960126e-20
0.9308154077038518,1.1135899524804916e-20
0.9319659829914957,8.44555056580915e-21
0.9331165582791394,6.400107264359222e-21
0.9342671335667833,4.846220411555252e-21
0.9354177088544271,3.666702677596119e-21
0.9365682841420709,2.7720742102806103e-21
0.9377188594297148,2.094067288495608e-21
0.9388694347173586,1.5806402489801931e-21
0.9400200100050023,1.1921531860821883e-21
0.9411705852926462,8.984371770505173e-22
0.94232116058029,6.765501410369003e-22
0.9434717358679339,5.090598986987465e-22
0.9446223111555777,3.8273167678194286e-22
0.9457728864432215,2.8752562287394314e-22
0.9469234617308653,2.158317446509855e-22
0.9480740370185091,1.618865296394233e-22
0.949224612306153,1.2132847211857764e-22
0.9503751875937968,9.085971442903969e-23
0.9515257628814406,6.798868320747977e-23
0.9526763381690845,5.083449526977929e-23
0.9538269134567282,3.797843156840023e-23
0.954977488744372,2.835124651800893e-23
0.9561280640320159,2.1147737680942235e-23
0.9572786393196597,1.5762035260473358e-23
0.9584292146073036,1.173862687196777e-23
0.9595797898949474,8.735322134950873e-24
0.9607303651825911,6.495269504820893e-24
0.961880940470235,4.825830342962763e-24
0.9630315157578788,3.5826431087565096e-24
0.9641820910455227,2.6576125647135752e-24
0.9653326663331665,1.9698647691560048e-24
0.9664832416208103,1.4589411739573438e-24
0.9676338169084541,1.079681780168937e-24
0.9687843921960979,7.9838135802204675e-25
0.9699349674837418,5.899043875795259e-25
0.9710855427713856,4.355213888916916e-25
0.9722361180590294,3.212876072097119e-25
0.9733866933466733,2.3682911021913974e-25
0.974537268634317,1.7443467322246356e-25
0.9756878439219608,1.2837698510022446e-25
0.9768384192096047,9.44056858878254e-26
0.9779889944972485,6.936905130238398e-26
0.9791395697848924,5.093191220871627e-26
0.9802901450725362,3.7365502923837364e-26
0.9814407203601799,2.7391026356180004e-26
0.9825912956478238,2.0063301663098174e-26
0.9837418709354676,1.4684295783307893e-26
0.9848924462231115,1.0738916563722731e-26
0.9860430215107553,7.847375530049983e-27
0.9871935967983991,5.729873410431338e-27
0.9883441720860429,4.1804423823347516e-27
0.9894947473736867,3.0475867758906567e-27
0.9906453226613305,2.2199671205831755e-27
0.9917958979489744,1.6158224119302185e-27
0.9929464732366182,1.175160909056322e-27
0.9940970485242621,8.539996031939797e-28
0.9952476238119058,6.201184099707818e-28
0.9963981990995496,4.499333697281377e-28
0.9975487743871935,3.2619583173379716e-28
0.9986993496748373,2.3630082265624787e-28
0.9998499249624812,1.7104433052693235e-28
1.001000500250125,1.2371112520406573e-28
1.0021510755377687,8.940575067455472e-29
1.0033016508254127,6.456226743768011e-29
1.0044522261130564,4.6585280893499176e-29
1.0056028014007001,3.358731489631358e-29
1.006753376688344,2.4196830209669278e-29
1.0079039519759878,1.7418000214851096e-29
1.0090545272636318,1.2528374578636284e-29
1.0102051025512755,9.00425511399154e-30
1.0113556778389194,6.466324220460458e-30
1.0125062531265632,4.640062013697174e-30
1.013656828414207,3.326953393455584e-30
1.0148074037018509,2.3835610095706335e-30
1.0159579789894946,1.706327742005662e-30
1.0171085542771385,1.2205490987593636e-30
1.0182591295647823,8.723779512054532e-31
1.019409704852426,6.23032540627933e-31
1.02056028014007,4.4460403865095e-31
1.0217108554277137,3.1702440788523648e-31
1.0228614307153576,2.2587523649702604e-31
1.0240120060030014,1.6080559821335525e-31
1.0251625812906453,1.1439059823158085e-31
1.026313156578289,8.130853235612225e-32
1.0274637318659328,5.774821121525776e-32
1.0286143071535767,4.0982417568414483e-32
1.0297648824412204,2.9061179390475695e-32
1.0309154577288644,2.059138316781951e-32
1.0320660330165081,1.4578553280535268e-32
1.0332166083041519,1.0313354838646111e-32
1.0343671835917958,7.290244863412803e-33
1.0355177588794395,5.1492134432915625e-33
1.0366683341670835,3.634095172616561e-33
1.0378189094547272,2.5627622767087917e-33
1.0389694847423712,1.8058304507951615e-33
1.040120060030015,1.271458662261025e-33
1.0412706353176586,8.945078194219729e-34
1.0424212106053026,6.288146644971111e-34
1.0435717858929463,4.416902419507074e-34
1.0447223611805903,3.1000562325076474e-34
1.045872936468234,2.1740922210125565e-34
1.0470235117558777,1.5235018155055677e-34
1.0481740870435217,1.0667548193588173e-34
1.0493246623311654,7.463505798805601e-35
1.0504752376188093,5.217683829727068e-35
1.051625812906453,3.6447627772813445e-35
1.052776388194097,2.5440017086113787e-35
1.0539269634817408,1.7742799860282276e-35
1.0550775387693845,1.2364698535760043e-35
1.0562281140570284,8.60996794058109e-36
1.0573786893446722,5.990680526072599e-36
1.0585292646323161,4.164927146253332e-36
1.0596798399199598,2.8933120891628775e-36
1.0608304152076036,2.0083517441800345e-36
1.0619809904952475,1.3929672229364447e-36
1.0631315657828913,9.653807632919174e-37
1.0642821410705352,6.68517849162392e-37
1.065432716358179,4.625769597415313e-37
1.0665832916458229,3.198244127424288e-37
1.0677338669334666,2.2095093734398177e-37
1.0688844422211103,1.5252348118952367e-37
1.0700350175087543,1.0520447010902973e-37
1.071185592796398,7.250839650918481e-38
1.072336168084042,4.993430760316312e-38
1.0734867433716857,3.4361046879300303e-38
1.0746373186593294,2.362600901311845e-38
1.0757878939469734,1.623196012311307e-38
1.0769384692346171,1.1143155535195361e-38
1.078089044522261,7.643671975133508e-39
1.0792396198099048,5.239049641767462e-39
1.0803901950975487,3.588059278225825e-39
1.0815407703851925,2.4554060905163057e-39
1.0826913456728362,1.678972843163235e-39
1.0838419209604802,1.1471511319759674e-39
1.0849924962481239,7.831667266457086e-40
1.0861430715357678,5.342498898652903e-40
1.0872936468234116,3.6415919322740704e-40
1.0884442221110553,2.4802458901157056e-40
1.0895947973986992,1.6879315178392845e-40
1.090745372686343,1.1478140330031597e-40
1.091895947973987,7.799106682858552e-41
1.0930465232616307,5.295107915054146e-41
1.0941970985492746,3.5922073200162457e-41
1.0953476738369183,2.435031563495728e-41
1.096498249124562,1.6493180809834126e-41
1.097648824412206,1.1162484493152176e-41
1.0987993996998497,7.54873084560936e-42
1.0999499749874937,5.100862728277133e-42
1.1011005502751374,3.4440540240574416e-42
1.1022511255627812,2.323554683717734e-42
1.103401700850425,1.5663631734471083e-42
1.1045522761380688,1.0550879269143542e-42
1.1057028514257128,7.1013589718051815e-43
1.1068534267133565,4.775852477634963e-43
1.1080040020010005,3.2093491221582255e-43
1.1091545772886442,2.1549621527490306e-43
1.110305152576288,1.4458357343713323e-43
1.1114557278639319,9.692925728235486e-44
1.1126063031515756,6.493030444268925e-44
1.1137568784392196,4.3460689981356473e-44
1.1149074537268633,2.906714774615049e-44
1.116058029014507,1.9425170654094583e-44
1.117208604302151,1.2971311567737105e-44
1.1183591795897947,8.654850348554424e-45
1.1195097548774386,5.770213176313993e-45
1.1206603301650824,3.843976968850474e-45
1.1218109054527263,2.5587409477345988e-45
1.12296148074037,1.701878238287039e-45
1.1241120560280138,1.131064246591003e-45
1.1252626313156577,7.511085181012632e-46
1.1264132066033015,4.983962013334998e-46
1.1275637818909454,3.304481945857828e-46
1.1287143571785891,2.1892162684893158e-46
1.1298649324662329,1.4492075025074024e-46
1.1310155077538768,9.585816345660567e-47
1.1321660830415206,6.335549056292047e-47
1.1333166583291645,4.184042000537274e-47
1.1344672336168082,2.760987474271502e-47
1.1356178089044522,1.8204948757587603e-47
1.136768384192096,1.1994195097956387e-47
1.1379189594797396,7.896040737375212e-48
1.1390695347673836,5.194027865823022e-48
1.1402201100550273,3.4139392898704316e-48
1.1413706853426713,2.2421462427469413e-48
1.142521260630315,1.4713930532919935e-48
1.1436718359179587,9.648284262283842e-49
1.1448224112056027,6.321615874681962e-49
1.1459729864932464,4.138688487692671e-49
1.1471235617808904,2.7074098123633937e-49
1.148274137068534,1.7697090902022955e-49
1.149424712356178,1.1558630702580642e-49
1.1505752876438218,7.543406616997277e-50
1.1517258629314655,4.919095703123743e-50
1.1528764382191095,3.20523332274224e-50
1.1540270135067532,2.0868471945199966e-50
1.1551775887943971,1.3576201461804752e-50
1.1563281640820409,8.825158654743571e-51
1.1574787393696846,5.732227164467013e-51
1.1586293146573285,3.720325059671522e-51
1.1597798899449723,2.412653787979235e-51
1.1609304652326162,1.5633843043856845e-51
1.16208104052026,1.012262417006359e-51
1.163231615807904,6.549031834905767e-52
1.1643821910955476,4.2336769269349415e-52
1.1655327663831914,2.734733115256462e-52
1.1666833416708353,1.7650979432644594e-52
1.167833916958479,1.1383591211686329e-52
1.168984492246123,7.335781683380781e-53
1.1701350675337667,4.723567522168857e-53
1.1712856428214105,3.0391384227267733e-53
1.1724362181090544,1.9538330790081277e-53
1.1735867933966981,1.2551078863845513e-53
1.174737368684342,8.056219348319711e-54
1.1758879439719858,5.166996052228723e-54
1.1770385192596298,3.3113234190532605e-54
1.1781890945472735,2.1204190390592528e-54
1.1793396698349172,1.3567455724717212e-54
1.1804902451225612,8.674246398519583e-55
1.181640820410205,5.5414283140301484e-55
1.1827913956978489,3.5372707907666144e-55
1.1839419709854926,2.256168439964866e-55
1.1850925462731365,1.4379088456056086e-55
1.1862431215607803,9.156886147196992e-56
1.187393696848424,5.826676371231682e-56
1.188544272136068,3.7046791654952953e-56
1.1896948474237117,2.353623179387915e-56
1.1908454227113556,1.4941007562410535e-56
1.1919959979989994,9.477187264326548e-57
1.193146573286643,6.006696130764014e-57
1.194297148574287,3.8040698764477204e-57
1.1954477238619308,2.4072319167649628e-57
1.1965982991495747,1.5221028655698108e-57
1.1977488744372184,9.616713941298108e-58
1.1988994497248624,6.0710808340381085e-58
1.2000500250125061,3.829675324473701e-58
1.2012006003001499,2.4138735791013152e-58
1.2023511755877938,1.5202804453190447e-58
1.2035017508754375,9.56730283836444e-59
1.2046523261630815,6.016057193055381e-59
1.2058029014507252,3.779993169435776e-59
1.206953476738369,2.373158238679813e-59
1.208104052026013,1.4887404996068672e-59
1.2092546273136566,9.331853931811988e-60
1.2104052026013006,5.844851548034664e-60
1.2115557778889443,3.657932282969201e-60
1.2127063531765883,2.2874650181769846e-60
1.213856928464232,1.4293213619438824e-60
1.2150075037518757,8.924048694042147e-61
1.2161580790395197,5.5673766248973434e-61
1.2173086543271634,3.470530740430088e-61
1.2184592296148073,2.1617118980275652e-61
1.219609804902451,1.3454152741117931e-61
1.2207603801900948,8.367033699748814e-62
1.2219109554777388,5.19928119367005e-62
1.2230615307653825,3.2282838798971517e-62
1.2242121060530264,2.002888405372741e-62
1.2253626813406702,1.2416477643294073e-62
1.2265132566283141,7.691245833874528e-63
1.2276638319159578,4.7604893545635253e-63
1.2288144072036016,2.9441716556023924e-63
1.2299649824912455,1.8194129426525533e-63
1.2311155577788893,1.1234559684547532e-63
1.2322661330665332,6.931663240693949e-64
1.233416708354177,4.273419017458548e-64
1.2345672836418207,2.6325105777681442e-64
1.2357178589294646,1.6203968675893704e-64
1.2368684342171083,9.966192892409253e-65
1.2380190095047523,6.124826709045076e-65
1.239169584792396,3.7611005684932646e-65
1.24032016008004,2.3077709932785046e-65
1.2414707353676837,1.4149044026862126e-65
1.2426213106553274,8.667984161671733e-66
1.2437718859429714,5.305981650524532e-66
1.2449224612306151,3.2454132275000295e-66
1.246073036518259,1.9834939657161023e-66
1.2472236118059028,1.2112907165707125e-66
1.2483741870935465,7.3913287210206e-67
1.2495247623811905,4.50664417764213e-67
1.2506753376688342,2.7456213635264002e-67
1.2518259129564782,1.671416344097989e-67
1.2529764882441219,1.0166823108789868e-67
1.2541270635317658,6.179346004490664e-68
1.2552776388194096,3.752808325662555e-68
1.2564282141070533,2.2773347688438366e-68
1.2575787893946972,1.380873812432778e-68
1.258729364682341,8.366382842162532e-69
1.259879939969985,5.064984231760126e-69
1.2610305152576287,3.063903515951913e-69
1.2621810905452724,1.851947606359754e-69
1.2633316658329163,1.1185075764123344e-69
1.26448224112056,6.750031322160556e-70
1.265632816408204,4.0703267067498617e-70
1.2667833916958477,2.4525020235369574e-70
1.2679339669834917,1.4765430127734568e-70
1.2690845422711354,8.882586690608831e-71
1.2702351175587792,5.3393627850945176e-71
1.271385692846423,3.2069783578585033e-71
1.2725362681340668,1.9246831826695786e-71
1.2736868434217108,1.1541947580627492e-71
1.2748374187093545,6.916009275457902e-72
1.2759879939969982,4.140842003803785e-72
1.2771385692846422,2.477298710449649e-72
1.278289144572286,1.4808965338009908e-72
1.2794397198599299,8.845607812440151e-73
1.2805902951475736,5.279432811387371e-73
1.2817408704352176,3.1484984060742374e-73
1.2828914457228613,1.8761878183264113e-73
1.284042021010505,1.1171352853113254e-73
1.285192596298149,6.6464822697226886e-74
1.2863431715857927,3.951250421497731e-74
1.2874937468734367,2.3471123753690706e-74
1.2886443221610804,1.393124195253441e-74
1.289794897448724,8.262327588930145e-75
1.290945472736368,4.896340466176092e-75
1.2920960480240118,2.8993285423392075e-75
1.2932466233116557,1.7154571589564938e-75
1.2943971985992995,1.014189116831476e-75
1.2955477738869434,5.991211325984233e-76
1.2966983491745872,3.536445379805626e-76
1.2978489244622309,2.0858155198035255e-76
1.2989994997498748,1.2292535121990506e-76
1.3001500750375186,7.238751110938209e-77
1.3013006503251625,4.25934143236173e-77
1.3024512256128062,2.5042511891607263e-77
1.30360180090045,1.4711940031896263e-77
1.304752376188094,8.636119175224734e-78
1.3059029514757377,5.065518795568345e-78
1.3070535267633816,2.968833616807036e-78
1.3082041020510253,1.738618955844598e-78
1.3093546773386693,1.0173715417115214e-78
1.310505252626313,5.948553660494944e-79
1.3116558279139567,3.4753600580261553e-79
1.3128064032016007,2.028826229224536e-79
1.3139569784892444,1.1834407509963158e-79
1.3151075537768884,6.89770810804191e-80
1.316258129064532,4.0171655367580696e-80
1.3174087043521758,2.337713407654678e-80
1.3185592796398198,1.3593128757478653e-80
1.3197098549274635,7.897765183674525e-81
1.3208604302151075,4.585066376083373e-81
1.3220110055027512,2.6597674120637836e-81
1.3231615807903951,1.5416944809314212e-81
1.3243121560780389,8.929139299011981e-82
1.3254627313656826,5.1674645063226267e-82
1.3266133066533266,2.9881474907900704e-82
1.3277638819409703,1.7265659860945117e-82
1.3289144572286142,9.968296688556895e-83
1.330065032516258,5.7506290460548504e-83
1.3312156078039017,3.3148690380661565e-83
1.3323661830915456,1.9092993308521855e-83
1.3335167583791894,1.0988496874577483e-83
1.3346673336668333,6.319157517438371e-84
1.335817908954477,3.6310873526346366e-84
1.336968484242121,2.084830903562625e-84
1.3381190595297647,1.196083773637835e-84
1.3392696348174085,6.856602692273477e-85
1.3404202101050524,3.9274710692257643e-85
1.3415707853926961,2.2478826114042676e-85
1.34272136068034,1.2855556593240098e-85
1.3438719359679838,7.346234118180832e-86
1.3450225112556276,4.194645550114863e-86
1.3461730865432715,2.3932187452959564e-86
1.3473236618309152,1.3643511040494956e-86
1.3484742371185592,7.771887777631336e-87
1.349624812406203,4.423678118971579e-87
1.3507753876938469,2.515921810972048e-87
1.3519259629814906,1.4297739659862223e-87
1.3530765382691343,8.11884505820713e-88
1.3542271135567783,4.606570744943901e-88
1.355377688844422,2.61166735510217e-88
1.356528264132066,1.4794987394028343e-88
1.3576788394197097,8.37467499426926e-89
1.3588294147073534,4.736722558603948e-89
1.3599799899949974,2.6769764907203836e-89
1.361130565282641,1.5117075780639042e-89
1.362281140570285,8.529972806085721e-90
1.3634317158579288,4.809325002050959e-90
1.3645822911455727,2.709425600972521e-90
1.3657328664332165,1.5252005635491918e-90
1.3668834417208602,8.578933622334046e-91
1.3680340170085041,4.821656656127573e-91
1.3691845922961479,2.707795605804523e-91
1.3703351675837918,1.5194698959875906e-91
1.3714857428714355,8.519712600253229e-92
1.3726363181590793,4.773252545282798e-92
1.3737868934467232,2.6721479755491575e-92
1.374937468734367,1.4947316120178901e-92
1.376088044022011,8.354540296643108e-93
1.3772386193096546,4.665933235644277e-93
1.3783891945972986,2.603820883501953e-93
1.3795397698849423,1.4519120679416568e-93
1.380690345172586,8.089583230923524e-94
1.38184092046023,4.503691187647452e-94
1.3829914957478737,2.5053458332156324e-94
1.3841420710355177,1.3925903671218728e-94
1.3852926463231614,7.734561792442776e-95
1.3864432216108051,4.292444253842705e-95
1.387593796898449,2.3802920023524586e-95
1.3887443721860928,1.3189017200862136e-95
1.3898949474737368,7.302158499082452e-96
1.3910455227613805,4.03967753978172e-96
1.3921960980490244,2.2330516456684736e-96
1.3933466733366682,1.2334099817979845e-96
1.394497248624312,6.807266818447027e-97
1.3956478239119559,3.7540038347643535e-97
1.3967983991995996,2.06858453615547e-97
1.3979489744872435,1.1389599661275784e-97
1.3990995497748873,6.266142513201339e-98
1.400250125062531,3.4446785472144835e-98
1.401400700350175,1.892142132282956e-98
1.4025512756378187,1.0385213653673621e-98
1.4037018509254626,5.695524686126669e-99
1.4048524262131064,3.1211070523166013e-99
1.4060030015007503,1.708992728748568e-99
1.407153576788394,9.350361212911815e-100
1.4083041520760378,5.111792134001042e-100
1.4094547273636817,2.7923805597264803e-100
1.4106053026513254,1.524167334855838e-100
1.4117558779389694,8.312799722684697e-101
1.4129064532266131,4.5302128575231583e-101
1.4140570285142569,2.4668714733609825e-101
1.4152076038019008,1.3422427316879909e-101
1.4163581790895445,7.297468390219961e-102
1.4175087543771885,3.9643319036216965e-102
1.4186593296648322,2.151911547816281e-102
1.4198099049524762,1.1671735796035166e-102
1.42096048024012,6.325620071333579e-103
1.4221110555277636,3.425526905025276e-103
1.4232616308154076,1.8535669858450167e-103
1.4244122061030513,1.0021801851034054e-103
1.4255627813906953,5.414270647051603e-104
1.426713356678339,2.922743709949017e-104
1.4278639319659827,1.576515086952902e-104
1.4290145072536267,8.496932171361607e-105
1.4301650825412704,4.575966065202388e-105
1.4313156578289143,2.4624082772288482e-105
1.432466233116558,1.3240181942213036e-105
1.433616808404202,7.113518532954991e-106
1.4347673836918458,3.818841250360344e-106
1.4359179589794895,2.04849716075575e-106
1.4370685342671334,1.097983341617512e-106
1.4382191095547772,5.880479758877113e-107
1.4393696848424211,3.1469249902441043e-107
1.4405202601300648,1.6827385594203416e-107
1.4416708354177086,8.990907413176241e-108
1.4428214107053525,4.8000639979611865e-108
1.4439719859929963,2.5606319120072776e-108
1.4451225612806402,1.3649096459513326e-108
1.446273136568284,7.269713169381087e-109
1.4474237118559279,3.8688979302635595e-109
1.4485742871435716,2.0573770556570633e-109
1.4497248624312153,1.093193738710518e-109
1.4508754377188593,5.804128281308279e-110
1.452026013006503,3.079168767444053e-110
1.453176588294147,1.6322497356647538e-110
1.4543271635817907,8.64562400734243e-111
1.4554777388694344,4.5757543937712405e-111
1.4566283141570784,2.4198346429697675e-111
1.4577788894447221,1.2786900857689383e-111
1.458929464732366,6.751519548227552e-112
1.4600800400200098,3.5620038495640144e-112
1.4612306153076537,1.877776341685681e-112
1.4623811905952975,9.891222358875392e-113
1.4635317658829412,5.206102215152643e-113
1.4646823411705852,2.7379911483003426e-113
1.4658329164582289,1.4388251231102007e-113
1.4669834917458728,7.555106808953355e-114
1.4681340670335166,3.9639651542225874e-114
1.4692846423211603,2.0781441607192055e-114
1.4704352176088042,1.0886245847429921e-114
1.471585792896448,5.698193960268104e-115
1.472736368184092,2.9802516818871597e-115
1.4738869434717357,1.5574900430937763e-115
1.4750375187593796,8.133064932766728e-116
1.4761880940470233,4.2436526000611085e-116
1.477338669334667,2.21249364317786e-116
1.478489244622311,1.1526059649895302e-116
1.4796398199099547,5.999793699169136e-117
1.4807903951975987,3.120673951221217e-117
1.4819409704852424,1.6218739472164515e-117
1.4830915457728864,8.422527214207968e-118
1.48424212106053,4.370432043537902e-118
1.4853926963481738,2.2660158539558064e-118
1.4865432716358178,1.1739730840777231e-118
1.4876938469234615,6.077289977990147e-119
1.4888444222111055,3.1435357378268123e-119
1.4899949974987492,1.6247384878329415e-119
1.491145572786393,8.39083456031793e-120
1.4922961480740369,4.3299558856713e-120
1.4934467233616806,2.2326384953647316e-120
1.4945972986493246,1.1502969520396247e-120
1.4957478739369683,5.921860232419215e-121
1.4968984492246122,3.0462318908035515e-121
1.498049024512256,1.565757105997532e-121
1.4991995997998997,8.041599609822662e-122
1.5003501750875436,4.126835177256224e-122
1.5015007503751874,2.1161596311184406e-122
1.5026513256628313,1.084267275225148e-122
1.503801900950475,5.551123619318301e-123
1.5049524762381188,2.839762833444629e-123
1.5061030515257627,1.4515762919870168e-123
1.5072536268134065,7.41402908615955e-124
1.5084042021010504,3.783775214620022e-124
1.5095547773886941,1.9295364815420275e-124
1.510705352676338,9.8318961749333e-125
1.5118559279639818,5.005854207062351e-125
1.5130065032516256,2.54668795053905e-125
1.5141570785392695,1.294582981788658e-125
1.5153076538269132,6.575680102843908e-126
1.5164582291145572,3.337398638362766e-126
1.517608804402201,1.69251339734114e-126
1.5187593796898446,8.57655287236847e-127
1.5199099549774886,4.342602189329825e-127
1.5210605302651323,2.1970702739946405e-127
1.5222111055527763,1.1106941204870396e-127
1.52336168084042,5.61050070338974e-128
1.524512256128064,2.8318183582952023e-128
1.5256628314157077,1.4281893432426627e-128
1.5268134067033514,7.197187333172248e-129
1.5279639819909954,3.624068928651525e-129
1.529114557278639,1.8234200042960624e-129
1.530265132566283,9.1671345208096e-130
1.5314157078539268,4.605079342090767e-130
1.5325662831415705,2.3115178607073717e-130
1.5337168584292145,1.1593485237795443e-130
1.5348674337168582,5.810150696413343e-131
1.5360180090045021,2.909493582480939e-131
1.5371685842921459,1.4558077733659583e-131
1.5383191595797898,7.278590527149002e-132
1.5394697348674335,3.6361950000916724e-132
1.5406203101550773,1.815112995756343e-132
1.5417708854427212,9.053505935993784e-133
1.542921460730365,4.512181271917679e-133
1.544072036018009,2.247050899811441e-133
1.5452226113056526,1.1181392816919508e-133
1.5463731865932964,5.559497298917676e-134
1.5475237618809403,2.762051459210554e-134
1.548674337168584,1.3711489363040548e-134
1.549824912456228,6.801334272590684e-135
1.5509754877438717,3.3710114888595626e-135
1.5521260630315157,1.6694867196972033e-135
1.5532766383191594,8.261565078858368e-136
1.5544272136068031,4.0850587929253184e-136
1.555577788894447,2.018324155671626e-136
1.5567283641820908,9.96414750583404e-137
1.5578789394697348,4.915254411817415e-137
1.5590295147573785,2.422749311415603e-137
1.5601800900450222,1.1932393846154316e-137
1.5613306653326662,5.87223332869224e-138
1.56248124062031,2.887590812086653e-138
1.5636318159079539,1.4188112468997733e-138
1.5647823911955976,6.965787428205029e-139
1.5659329664832415,3.417216033243305e-139
1.5670835417708853,1.6750635066495632e-139
1.568234117058529,8.204398420086865e-140
1.569384692346173,4.0153076947441337e-140
1.5705352676338167,1.963575222637002e-140
1.5716858429214606,9.594732675173457e-141
1.5728364182091044,4.6846250716290814e-141
1.573986993496748,2.2854589289740224e-141
1.575137568784392,1.1141114240259466e-141
1.5762881440720358,5.4267580268806616e-142
1.5774387193596797,2.6412463544852613e-142
1.5785892946473234,1.2844996417715904e-142
1.5797398699349674,6.241883919885525e-143
1.5808904452226111,3.0307772017263517e-143
1.5820410205102549,1.4704455896447821e-143
1.5831915957978988,7.128539000716461e-144
1.5843421710855425,3.453096572576026e-144
1.5854927463731865,1.671373616549967e-144
1.5866433216608302,8.08341700751326e-145
1.587793896948474,3.9063670561097835e-145
1.588944472236118,1.886286850229936e-145
1.5900950475237616,9.101208194087366e-146
1.5912456228114056,4.387801624961544e-146
1.5923961980990493,2.113739891259254e-146
1.5935467733866933,1.017449180113163e-146
1.594697348674337,4.893623264845455e-147
1.5958479239619807,2.3518247784825553e-147
1.5969984992496247,1.1293693956212674e-147
1.5981490745372684,5.419056653085475e-148
1.5992996498249124,2.5981725579020867e-148
1.600450225112556,1.2447121103112771e-148
1.6016008004001998,5.958356194916297e-149
1.6027513756878438,2.84997225906738e-149
1.6039019509754875,1.362107633610476e-149
1.6050525262631314,6.504873338327744e-150
1.6062031015507752,3.104008384030842e-150
1.6073536768384191,1.480006253038979e-150
1.6085042521260629,7.051164367107543e-151
1.6096548274137066,3.356717170960246e-151
1.6108054027013505,1.5967072063137374e-151
1.6119559779889943,7.589137895598862e-152
1.6131065532766382,3.604260948050788e-152
1.614257128564282,1.7103958418615854e-152
1.6154077038519257,8.110239162804443e-153
1.6165582791395696,3.8426188961465865e-153
1.6177088544272133,1.8191880325019433e-153
1.6188594297148573,8.605666074368857e-154
1.620010005002501,4.067691551655181e-154
1.621160580290145,1.9211804574103494e-154
1.6223111555777887,9.066609908839082e-155
1.6234617308654324,4.27541547098694e-155
1.6246123061530764,2.0145049636021448e-155
1.6257628814407201,9.484511832243142e-156
1.626913456728364,4.461883709604837e-156
1.6280640320160078,2.097384890046912e-156
1.6292146073036515,9.851324987639779e-157
1.6303651825912955,4.6234672029974566e-157
1.6315157578789392,2.1681910116526023e-157
1.6326663331665832,1.0159771059181314e-157
1.633816908454227,4.756931823047692e-158
1.6349674837418708,2.2254946575715126e-158
1.6361180590295146,1.0403579939061994e-158
1.6372686343171583,4.859545855408633e-159
1.6384192096048023,2.2681155916605885e-159
1.639569784892446,1.0577701497572341e-159
1.64072036018009,4.929172916969599e-160
1.6418709354677337,2.2951624163678865e-160
1.6430215107553774,1.0678479474434581e-160
1.6441720860430213,4.96434590154691e-161
1.645322661330665,2.306063568885798e-161
1.646473236618309,1.0703779130505059e-161
1.6476238119059528,4.96431837952024e-162
1.6487743871935967,2.300587404303558e-162
1.6499249624812404,1.0653062435390158e-162
1.6510755377688842,4.929090936335203e-163
1.6522261130565281,2.2788503801642198e-163
1.6533766883441718,1.0527407092250045e-163
1.6545272636318158,4.859411151793193e-164
1.6556778389194595,2.2413129385208713e-164
1.6568284142071033,1.032946846022748e-164
1.6579789894947472,4.756747221167875e-165
1.659129564782391,2.1887632888765865e-165
1.6602801400700349,1.0063386253538849e-165
1.6614307153576786,4.623236518168482e-166
1.6625812906453226,2.1222898897610327e-166
1.6637318659329663,9.734640596043403e-167
1.66488244122061,4.461611616667661e-167
1.666033016508254,2.0432439707541466e-167
1.6671835917958977,9.34986442148963e-168
1.6683341670835417,4.275107346930547e-168
1.6694847423711854,1.9531938968984895e-168
1.670635317658829,8.916621185875778e-169
1.671785892946473,4.06735329932628e-169
1.6729364682341168,1.8538735264637945e-169
1.6740870435217607,8.443158284829398e-170
1.6752376188094045,3.8422567571045746e-170
1.6763881940970484,1.7471269321345375e-170
1.6775387693846922,7.93814737310524e-171
1.6786893446723359,3.6038813127992883e-171
1.6798399199599798,1.6348519355723576e-171
1.6809904952476236,7.410422937140003e-172
1.6821410705352675,3.356326394545684e-172
1.6832916458229112,1.5189448466779455e-172
1.684442221110555,6.86872999359235e-173
1.685592796398199,3.1036126142659917e-173
1.6867433716858427,1.4012486118879316e-173
1.6878939469734866,6.32149073758567e-174
1.6890445222611303,2.849577283596927e-174
1.6901950975487743,1.2835062789167325e-174
1.691345672836418,5.776598440634502e-175
1.6924962481240617,2.597783675016597e-175
1.6936468234117057,1.1673213034241924e-175
1.6947973986993494,5.241245023212387e-176
1.6959479739869934,2.3514466950667048e-176
1.697098549274637,1.0541257851927962e-176
1.6982491245622808,4.7217866396567535e-177
1.6993996998499248,2.113376649727931e-177
1.7005502751375685,9.451572583967092e-178
1.7017008504252125,4.2236494565869536e-178
1.7028514257128562,1.8859417847382642e-178
1.7040020010005001,8.414442025499582e-179
1.7051525762881439,3.751275717154684e-179
1.7063031515757876,1.671049337395762e-179
1.7074537268634316,7.438000150506049e-180
1.7086043021510753,3.3081082821751856e-180
1.7097548774387192,1.4701439935449517e-180
1.710905452726363,6.528248155349577e-181
1.7120560280140067,2.896610222466954e-181
1.7132066033016506,1.284221944748359e-181
1.7143571785892944,5.689141533448468e-182
1.7155077538769383,2.5183147724590517e-182
1.716658329164582,1.1138582129455428e-182
1.717808904452226,4.922734725690319e-183
1.7189594797398697,2.173900080963871e-183
1.7201100550275135,9.592445659457977e-184
1.7212606303151574,4.229370580915188e-184
1.7224112056028011,1.863282718421566e-184
1.723561780890445,8.202351859230996e-185
1.7247123561780888,3.607901384714722e-185
1.7258629314657326,1.5857238012472108e-185
1.7270135067533765,6.96397261857689e-186
1.7281640820410202,3.0559284970990543e-186
1.7293146573286642,1.339941831031288e-186
1.730465232616308,5.87063833130712e-187
1.7316158079039519,2.570048564213906e-187
1.7327663831915956,1.1242268606510664e-187
1.7339169584792393,4.913864861230743e-188
1.7350675337668833,2.1460956937730728e-188
1.736218109054527,9.365513219601305e-189
1.737368684342171,4.083858658322619e-189
1.7385192596298147,1.7793707530394023e-189
1.7396698349174584,7.746737080969104e-190
1.7408204102051024,3.3699837653497537e-190
1.741970985492746,1.4648509071361523e-190
1.74312156078039,6.362322268727142e-191
1.7442721360680338,2.7611787740667584e-191
1.7454227113556777,1.1973745205815311e-191
1.7465732866433215,5.188264662265858e-192
1.7477238619309652,2.2463160248074885e-192
1.7488744372186091,9.71798472355193e-193
1.7500250125062529,4.200859845308502e-193
1.7511755877938968,1.8144992625132192e-193
1.7523261630815405,7.831266859146067e-194
1.7534767383691843,3.377255161304054e-194
1.7546273136568282,1.455299393523509e-194
1.755777888944472,6.266101799276413e-195
1.756928464232116,2.6958713757158214e-195
1.7580790395197596,1.1589308197150914e-195
1.7592296148074036,4.978201606838447e-196
1.7603801900950473,2.136702570660541e-196
1.761530765382691,9.163730067905975e-197
1.762681340670335,3.9269658700673653e-197
1.7638319159579787,1.6815066498325362e-197
1.7649824912456227,7.19443469952725e-198
1.7661330665332664,3.075752491504091e-198
1.7672836418209101,1.3139012245916883e-198
1.768434217108554,5.60829272876275e-199
1.7695847923961978,2.391967385856755e-199
1.7707353676838418,1.019380818478735e-199
1.7718859429714855,4.34084505643969e-200
1.7730365182591294,1.8470078224114145e-200
1.7741870935467732,7.852714511025555e-201
1.775337668834417,3.336011248103192e-201
1.7764882441220609,1.4160931673594e-201
1.7776388194097046,6.006379544089174e-202
1.7787893946973485,2.5456010411393643e-202
1.7799399699849923,1.0780143239210392e-202
1.7810905452726362,4.561580533090883e-203
1.78224112056028,1.9286915829939004e-203
1.7833916958479237,8.148296942372025e-204
1.7845422711355676,3.439755176616673e-204
1.7856928464232114,1.4509245931349932e-204
1.7868434217108553,6.115314186526701e-205
1.787993996998499,2.575427512727221e-205
1.7891445722861428,1.08376846642615e-205
1.7902951475737867,4.5570134847632966e-206
1.7914457228614304,1.9146118406267655e-206
1.7925962981490744,8.03781101093547e-207
1.7937468734367181,3.3717197073604746e-207
1.794897448724362,1.4132590056795641e-207
1.7960480240120058,5.9190046660802265e-208
1.7971985992996495,2.477035476114602e-208
1.7983491745872935,1.0357916231152982e-208
1.7994997498749372,4.32781996106466e-209
1.8006503251625812,1.80685208189935e-209
1.801800900450225,7.537592222450605e-210
1.8029514757378686,3.141950224753052e-210
1.8041020510255126,1.3086472170421836e-210
1.8052526263131563,5.446311722534124e-211
1.8064032016008003,2.264847825244369e-211
1.807553776888444,9.410922197970647e-212
1.808704352176088,3.9073468296521943e-212
1.8098549274637317,1.6210199707136974e-212
1.8110055027513754,6.719723321428101e-213
1.8121560780390193,2.783370638928957e-213
1.813306653326663,1.1519863022141622e-213
1.814457228614307,4.76409279473893e-214
1.8156078039019508,1.968655536376163e-214
1.8167583791895945,8.128602313486572e-215
1.8179089544772384,3.353657011828333e-215
1.8190595297648822,1.382541049632772e-215
1.8202101050525261,5.695004210623894e-216
1.8213606803401698,2.3440490086847552e-216
1.8225112556278138,9.640419867904444e-217
1.8236618309154575,3.961702268402844e-217
1.8248124062031013,1.6267632123672584e-217
1.8259629814907452,6.674572807458825e-218
1.827113556778389,2.736397786065048e-218
1.8282641320660329,1.1209638557817521e-218
1.8294147073536766,4.588393037670201e-219
1.8305652826413203,1.876662769399387e-219
1.8317158579289643,7.669525361001104e-220
1.832866433216608,3.131896208436719e-220
1.834017008504252,1.277917618366083e-220
1.8351675837918957,5.210206998182232e-221
1.8363181590795397,2.122578307988371e-221
1.8374687343671834,8.640305309952696e-222
1.8386193096548271,3.5143991037695725e-222
1.839769884942471,1.4283337352248213e-222
1.8409204602301148,5.800493326659419e-223
1.8420710355177587,2.3537308127665027e-223
1.8432216108054025,9.54344725357741e-224
1.8443721860930462,3.8664320825260977e-224
1.8455227613806902,1.5652082112529611e-224
1.8466733366683339,6.331264726889405e-225
1.8478239119559778,2.5589715157286465e-225
1.8489744872436216,1.0334680481899705e-225
1.8501250625312655,4.170472673713976e-226
1.8512756378189092,1.681628771644839e-226
1.852426213106553,6.775347929619135e-227
1.853576788394197,2.7276566305471715e-227
1.8547273636818407,1.0972470412070647e-227
1.8558779389694846,4.410377479176003e-228
1.8570285142571283,1.7713473369962958e-228
1.858179089544772,7.108669433492114e-229
1.859329664832416,2.8505557103491032e-229
1.8604802401200597,1.1421611153144876e-229
1.8616308154077037,4.572796045844208e-230
1.8627813906953474,1.8293336200939754e-230
1.8639319659829914,7.31241151810829e-231
1.865082541270635,2.9206865827122165e-231
1.8662331165582788,1.1656439410775799e-231
1.8673836918459228,4.648399963795937e-232
1.8685342671335665,1.8522418442470987e-232
1.8696848424212105,7.374770618198534e-233
1.8708354177088542,2.933972006281332e-233
1.871985992996498,1.1663262182987156e-233
1.8731365682841419,4.6327699455618563e-234
1.8742871435717856,1.8387303904264146e-234
1.8754377188594296,7.292089615684901e-235
1.8765882941470733,2.8896321718021386e-235
1.8777388694347172,1.1441678860729233e-235
1.878889444722361,4.526823561937759e-236
1.8800400200100047,1.7895918978688308e-236
1.8811905952976486,7.069212969723019e-237
1.8823411705852924,2.790260491513203e-237
1.8834917458729363,1.1004620176013544e-237
1.88464232116058,4.336726049898372e-238
1.8857928964482238,1.7076762699558723e-238
1.8869434717358677,6.7190167184614215e-239
1.8880940470235115,2.6415724315593797e-239
1.8892446223111554,1.0377098730822047e-239
1.8903951975987991,4.073296251594807e-240
1.891545772886443,1.5976169878926637e-240
1.8926963481740868,6.261176775848785e-241
1.8938469234617306,2.4518612220050303e-241
1.8949974987493745,9.59383904007639e-242
1.8961480740370182,3.750987304087395e-242
1.8972986493246622,1.4653972900679519e-242
1.898449224612306,5.720339403577623e-243
1.8995997998999496,2.2312325366498907e-243
1.9007503751875936,8.696099389586992e-244
1.9019009504752373,3.386575628659108e-244
1.9030515257628813,1.317812692400831e-244
1.904202101050525,5.123930342137974e-245
1.905352676338169,1.9907162955616855e-245
1.9065032516258127,7.728089614175886e-246
1.9076538269134564,2.9977233513765375e-246
1.9088044022011004,1.1618968544206643e-246
1.909954977488744,4.499872664413535e-247
1.911105552776388,1.7413637378814084e-247
1.9122561280640318,6.733415153252854e-248
1.9134067033516755,2.6015843479851772e-248
1.9145572786393195,1.0043776815547497e-248
1.9157078539269632,3.8744746139780244e-249
1.9168584292146071,1.493431162614103e-249
1.9180090045022509,5.751938347260595e-250
1.9191595797898948,2.213603633383264e-250
1.9203101550775385,8.512205879688494e-251
1.9214607303651823,3.2707021974756453e-251
1.9226113056528262,1.2557306939479693e-251
1.92376188094047,4.817354878755031e-252
1.924912456228114,1.8466194038642621e-252
1.9260630315157576,7.072985575690174e-253
1.9272136068034014,2.706978295392582e-253
1.9283641820910453,1.0351979381308456e-253
1.929514757378689,3.9556571839987e-254
1.930665332666333,1.5103253723211394e-254
1.9318159079539767,5.762076415697878e-255
1.9329664832416207,2.196565369220736e-255
1.9341170585292644,8.366924971396326e-256
1.9352676338169081,3.184521903425997e-256
1.936418209104552,1.2110978402354796e-256
1.9375687843921958,4.602256740444634e-257
1.9387193596798398,1.7475076225179145e-257
1.9398699349674835,6.630158925781092e-258
1.9410205102551272,2.5135378069322167e-258
1.9421710855427712,9.521459596090271e-259
1.943321660830415,3.6039458684329374e-259
1.9444722361180589,1.36304317682676e-259
1.9456228114057026,5.1510716460585455e-260
1.9467733866933465,1.9451011535920968e-260
1.9479239619809903,7.339110317898323e-261
1.949074537268634,2.7669496971786705e-261
1.950225112556278,1.0423551950464249e-261
1.9513756878439217,3.9236190115990784e-262
1.9525262631315656,1.4757559696650865e-262
1.9536768384192094,5.546242962736151e-263
1.954827413706853,2.0827630109858865e-263
1.955977988994497,7.815152287805191e-264
1.9571285642821408,2.930162174404899e-264
1.9582791395697847,1.0977475936459616e-264
1.9594297148574285,4.109319919249251e-265
1.9605802901450724,1.53707138083621e-265
1.9617308654327161,5.7447977413408956e-266
1.9628814407203599,2.1454187560243126e-266
1.9640320160080038,8.005823784711568e-267
1.9651825912956475,2.9850843240092075e-267
1.9663331665832915,1.1121511222335813e-267
1.9674837418709352,4.1402601311983e-268
1.968634317158579,1.5400970047103847e-268
1.969784892446223,5.7243363936777786e-269
1.9709354677338666,2.1259783720981342e-269
1.9720860430215106,7.889494182317612e-270
1.9732366183091543,2.925473052042072e-270
1.9743871935967983,1.0839260833746863e-270
1.975537768884442,4.012914031123936e-271
1.9766883441720857,1.4844879209678376e-271
1.9778389194597297,5.4871913334764695e-272
1.9789894947473734,2.0266565805462876e-272
1.9801400700350174,7.479401480474333e-273
1.981290645322661,2.7581009145057233e-273
1.9824412206103048,1.0162722852034029e-273
1.9835917958979488,3.7416799384120986e-274
1.9847423711855925,1.3765113992044752e-274
1.9858929464732364,5.05998946443681e-275
1.9870435217608802,1.8585576481215123e-275
1.9881940970485241,6.8211733059112e-276
1.9893446723361679,2.5014899056500856e-276
1.9904952476238116,9.166320728681941e-277
1.9916458229114555,3.35620103514292e-277
1.9927963981990993,1.227884475335551e-277
1.9939469734867432,4.488731966585364e-278
1.995097548774387,1.639632287483528e-278
1.9962481240620307,5.984472474327091e-279
1.9973986993496746,2.1825384791218606e-279
1.9985492746373184,7.953431925424892e-280
1.9996998499249623,2.896035296857141e-280
2.0008504252126063,1.0536824747214219e-280
2.00200100050025,3.8306483525908426e-281
2.0031515757878937,1.3915263651989548e-281
2.0043021510755374,5.050881922403695e-282
2.005452726363181,1.8318909448823703e-282
2.0066033016508253,6.638785541796191e-283
2.007753876938469,2.403999021647614e-283
2.008904452226113,8.698343562286071e-284
2.0100550275137565,3.144817527221867e-284
2.0112056028014003,1.1360853744510938e-284
2.0123561780890444,4.100937118115591e-285
2.013506753376688,1.4791488313160097e-285
2.014657328664332,5.330859824812896e-286
2.0158079039519756,1.919726122537531e-286
2.0169584792396194,6.907770649169861e-287
2.0181090545272635,2.4836658647405753e-287
2.0192596298149073,8.92287996474372e-288
2.020410205102551,3.2031225611157104e-288
2.0215607803901947,1.1489435347121744e-288
2.022711355677839,4.117944019415625e-289
2.0238619309654826,1.4747513916276274e-289
2.0250125062531263,5.277324680946803e-290
2.02616308154077,1.8869719210608213e-290
2.027313656828414,6.741766155476262e-291
2.028464232116058,2.4067919755606834e-291
2.0296148074037017,8.585390404641185e-292
2.0307653826913454,3.060117947570185e-292
2.031915957978989,1.0898655044946433e-292
2.033066533266633,3.878504246172885e-293
2.034217108554277,1.3791523987447643e-293
2.035367683841921,4.900234577788037e-294
2.0365182591295645,1.739714989621384e-294
2.0376688344172083,6.171574328181136e-295
2.038819409704852,2.187612749389743e-295
2.039969984992496,7.748213002877672e-296
2.04112056028014,2.742137829526367e-296
2.0422711355677836,9.696915980255641e-297
2.0434217108554273,3.42637275928439e-297
2.044572286143071,1.2097404660449629e-297
2.0457228614307152,4.267823310123613e-298
2.046873436718359,1.5044483337494258e-298
2.0480240120060027,5.299132120459341e-299
2.0491745872936464,1.8650429655447704e-299
2.0503251625812906,6.55887808322798e-300
2.0514757378689343,2.3047663198461835e-300
2.052626313156578,8.09246561851214e-301
2.053776888444222,2.8391703473702544e-301
2.0549274637318655,9.95310674127584e-302
2.0560780390195097,3.486442413737017e-302
2.0572286143071534,1.2202897248214318e-302
2.058379189594797,4.2677604660050974e-303
2.059529764882441,1.4913986348181775e-303
2.0606803401700846,5.207677360851978e-304
2.061830915457729,1.816983661363028e-304
2.0629814907453725,6.334532924312443e-305
2.0641320660330162,2.2066568209720812e-305
2.06528264132066,7.680891312187941e-306
2.0664332166083037,2.6714377946696698e-306
2.067583791895948,9.284000083548186e-307
2.0687343671835916,3.2239019798150384e-307
2.0698849424712353,1.1186266089023387e-307
2.071035517758879,3.8783329146249015e-308
2.0721860930465232,1.3435741817830876e-308
2.073336668334167,4.650876818898044e-309
2.0744872436218107,1.60866142576125e-309
2.0756378189094544,5.55969647311735e-310
2.076788394197098,1.9199686619926e-310
2.0779389694847423,6.625121106034e-311
2.079089544772386,2.2842841503025e-311
2.08024012006003,7.86978838927e-312
2.0813906953476735,2.709147224016e-312
2.0825412706353172,9.3187740599e-313
2.0836918459229614,3.2028867364e-313
2.084842421210605,1.09997041254e-313
2.085992996498249,3.7746531366e-314
2.0871435717858926,1.294284405e-314
2.0882941470735363,4.43444234e-315
2.0894447223611805,1.51811592e-315
2.0905952976488242,5.19310913e-316
2.091745872936468,1.77503385e-316
2.0928964482241117,6.062371e-317
2.0940470235117554,2.0688786e-317
2.0951975987993996,7.054783e-318
2.0963481740870433,2.403743e-318
2.097498749374687,8.1838e-319
2.098649324662331,2.7841e-319
2.099799899949975,9.4653e-320
2.1009504752376187,3.213e-320
2.1021010505252624,1.0884e-320
2.103251625812906,3.71e-321
2.10440220110055,1.25e-321
2.105552776388194,4.35e-322
2.1067033516758378,1.43e-322
2.1078539269634815,5e-323
2.1090045022511252,0.0
2.110155077538769,0.0
2.111305652826413,0.0
2.112456228114057,0.0
2.1136068034017006,0.0
2.1147573786893443,0.0
2.115907953976988,0.0
2.1170585292646322,0.0
2.118209104552276,0.0
2.1193596798399197,0.0
2.1205102551275634,0.0
2.121660830415207,0.0
2.1228114057028513,0.0
2.123961980990495,0.0
2.1251125562781388,0.0
2.1262631315657825,0.0
2.1274137068534267,0.0
2.1285642821410704,0.0
2.129714857428714,0.0
2.130865432716358,0.0
2.1320160080040016,0.0
2.1331665832916458,0.0
2.1343171585792895,0.0
2.1354677338669332,0.0
2.136618309154577,0.0
2.1377688844422207,0.0
2.138919459729865,0.0
2.1400700350175086,0.0
2.1412206103051523,0.0
2.142371185592796,0.0
2.1435217608804398,0.0
2.144672336168084,0.0
2.1458229114557277,0.0
2.1469734867433714,0.0
2.148124062031015,0.0
2.149274637318659,0.0
2.150425212606303,0.0
2.1515757878939468,0.0
2.1527263631815905,0.0
2.1538769384692342,0.0
2.1550275137568784,0.0
2.156178089044522,0.0
2.157328664332166,0.0
2.1584792396198096,0.0
2.1596298149074533,0.0
2.1607803901950975,0.0
2.161930965482741,0.0
2.163081540770385,0.0
2.1642321160580287,0.0
2.1653826913456724,0.0
2.1665332666333166,0.0
2.1676838419209603,0.0
2.168834417208604,0.0
2.1699849924962478,0.0
2.1711355677838915,0.0
2.1722861430715357,0.0
2.1734367183591794,0.0
2.174587293646823,0.0
2.175737868934467,0.0
2.1768884442221106,0.0
2.1780390195097548,0.0
2.1791895947973985,0.0
2.180340170085042,0.0
2.181490745372686,0.0
2.18264132066033,0.0
2.183791895947974,0.0
2.1849424712356176,0.0
2.1860930465232613,0.0
2.187243621810905,0.0
2.188394197098549,0.0
2.189544772386193,0.0
2.1906953476738367,0.0
2.1918459229614804,0.0
2.192996498249124,0.0
2.1941470735367683,0.0
2.195297648824412,0.0
2.1964482241120558,0.0
2.1975987993996995,0.0
2.198749374687343,0.0
2.1998999499749874,0.0
2.201050525262631,0.0
2.202201100550275,0.0
2.2033516758379186,0.0
2.2045022511255623,0.0
2.2056528264132065,0.0
2.20680340170085,0.0
2.207953976988494,0.0
2.2091045522761377,0.0
2.210255127563782,0.0
2.2114057028514256,0.0
2.2125562781390693,0.0
2.213706853426713,0.0
2.2148574287143568,0.0
2.216008004002001,0.0
2.2171585792896447,0.0
2.2183091545772884,0.0
2.219459729864932,0.0
2.220610305152576,0.0
2.22176088044022,0.0
2.2229114557278637,0.0
2.2240620310155075,0.0
2.225212606303151,0.0
2.226363181590795,0.0
2.227513756878439,0.0
2.228664332166083,0.0
2.2298149074537266,0.0
2.2309654827413703,0.0
2.232116058029014,0.0
2.233266633316658,0.0
2.234417208604302,0.0
2.2355677838919457,0.0
2.2367183591795894,0.0
2.2378689344672336,0.0
2.2390195097548773,0.0
2.240170085042521,0.0
2.2413206603301647,0.0
2.2424712356178085,0.0
2.2436218109054527,0.0
2.2447723861930964,0.0
2.24592296148074,0.0
2.247073536768384,0.0
2.2482241120560276,0.0
2.2493746873436717,0.0
2.2505252626313155,0.0
2.251675837918959,0.0
2.252826413206603,0.0
2.2539769884942467,0.0
2.255127563781891,0.0
2.2562781390695346,0.0
2.2574287143571783,0.0
2.258579289644822,0.0
2.2597298649324657,0.0
2.26088044022011,0.0
2.2620310155077537,0.0
2.2631815907953974,0.0
2.264332166083041,0.0
2.2654827413706853,0.0
2.266633316658329,0.0
2.2677838919459727,0.0
2.2689344672336165,0.0
2.27008504252126,0.0
2.2712356178089044,0.0
2.272386193096548,0.0
2.273536768384192,0.0
2.2746873436718356,0.0
2.2758379189594793,0.0
2.2769884942471235,0.0
2.278139069534767,0.0
2.279289644822411,0.0
2.2804402201100546,0.0
2.2815907953976984,0.0
2.2827413706853426,0.0
2.2838919459729863,0.0
2.28504252126063,0.0
2.2861930965482737,0.0
2.2873436718359175,0.0
2.2884942471235616,0.0
2.2896448224112054,0.0
2.290795397698849,0.0
2.291945972986493,0.0
2.293096548274137,0.0
2.2942471235617807,0.0
2.2953976988494245,0.0
2.296548274137068,0.0
2.297698849424712,0.0
2.298849424712356,0.0
2.3,0.0
